u1,u2,u3,delta_ept,duracion_hdm,awt_mean,awt_improvement,ept_increase,combined_improvement,hdm_activation_rate,total_loss
10.0,3.0,8.0,8.0,10.0,4.180061789131843,0.2398820041702566,0.5311070807694073,0.3735425921866317,0.06645544351035682,2.2059326842174727
10.0,2.0,9.0,10.0,15.0,4.108964802626546,0.31224138546324004,1.0341078556826118,0.41766119978995775,0.10344676626680463,15.246164776816263
10.0,2.0,6.0,10.0,18.0,4.0887750253631125,0.32852927081687067,1.3567466900500122,0.3857092036237389,0.13543423586930475,31.074026865645116
9.0,1.0,9.0,6.0,14.0,4.2551315313202585,0.16280959566864306,0.7599152183776786,0.1736361476617504,0.1265772647093311,10.503035691374311
4.0,2.0,6.0,2.0,17.0,4.618800133570566,-0.20078329960081776,0.5772170929538977,-0.5170100177924151,0.28856068003731816,20.662228996986983
